<BackupInst xmlns="http://www.microsoft.com/GroupPolicy/GPOOperations/Manifest"><GPOGuid><![CDATA[{8A37D18E-1C04-4BF6-A9C7-9C95272655BF}]]></GPOGuid><GPODomain><![CDATA[ad.femadata.com]]></GPODomain><GPODomainGuid><![CDATA[{8b0f52d3-8023-4c8e-a45f-0498645bb3a9}]]></GPODomainGuid><GPODomainController><![CDATA[dc1.ad.femadata.com]]></GPODomainController><BackupTime><![CDATA[2014-10-28T21:27:25]]></BackupTime><ID><![CDATA[{7C91285C-9713-434E-85FC-E9AF23492E6C}]]></ID><Comment><![CDATA[disable uac]]></Comment><GPODisplayName><![CDATA[disable_uac]]></GPODisplayName></BackupInst>
